no_of_clusters,silhoutte_score
2,0.8996009410001652
3,0.8669848951013238
4,0.8543730414214216
5,0.8272399668911303
6,0.7985971011376705
7,0.7980798670722081
8,0.7800954337228323
9,0.793145885776582
