no_of_clusters,silhoutte_score
2,0.8960311501993666
3,0.8762700683636231
4,0.8616991306549427
5,0.8399407442722981
6,0.8078420855489162
7,0.8017241450601117
8,0.7522370750967602
9,0.7824012886570025
